feature,classifier,score
title,LinearSVC,0.0889720702562626
title,SGD,0.08494097322199827
